<?xml version="1.0" encoding="utf-8"?>
<Icon version="2" width="192" height="192" screenWidth="1080" resDensity="480" scaleByDensity="false" useVariableUpdater="DateTime.Second" type="awesome">

	<ExternalCommands>
		<!-- 首次使用主题、解锁、返回桌面连续按home键切屏时，将动画播放到最后一帧 -->
		<Trigger action="init,present,back_home_cancel">
			<AnimationCommand target="arrayAni" command="play" />
			<AnimationCommand target="framerateAni" command="play" />
		</Trigger>
		<!-- 退出APP返回桌面的瞬间 -->
		<Trigger action="back_home_start">
			<AnimationCommand target="arrayAni" command="play(0,0)" />
		</Trigger>
		<!-- 退出APP回到桌面 -->
		<Trigger action="back_home_finish">
			<AnimationCommand target="arrayAni" command="play" />
			<AnimationCommand target="framerateAni" command="play" />
		</Trigger>
	</ExternalCommands>

	<FramerateController name="framerateAni" initPause="true" loop="false">
		<ControlPoint frameRate="90" time="0" />
		<ControlPoint frameRate="90" time="800" />
		<ControlPoint frameRate="0" time="900" />
	</FramerateController>

	<Array count="3" indexName="_ani">
		<Var name="arrayAni" size="3" index="#_ani" type="number[]">
			<VariableAnimation initPause="true" loop="false">
				<AniFrame value="0" dtime="#_ani*100" easeType="QuadEaseOut" />
				<AniFrame value="1" dtime="500" />
			</VariableAnimation>
		</Var>
	</Array>

	<Image x="0" y="0" w="192" h="192" src="iconBg.png" />
	<Rectangle x="96" y="96" w="6" h="38" align="center" alignV="bottom" pivotX="3" pivotY="38" rotation="#hour12*30+#minute/2+(#arrayAni[0]-1)*120" alpha="255*#arrayAni[0]" fillColor="#D9D9D9" cornerRadius="3" />
	<Rectangle x="96" y="96" w="6" h="52" align="center" alignV="bottom" pivotX="3" pivotY="52" rotation="#minute*6+#second/10+(#arrayAni[1]-1)*120" alpha="255*#arrayAni[1]" fillColor="#D9D9D9" cornerRadius="3" />
	<Rectangle x="96" y="96+24" w="4" h="62+24" align="center" alignV="bottom" pivotX="2" pivotY="62" rotation="#second*6+(#arrayAni[2]-1)*120" alpha="255*#arrayAni[2]" fillColor="#F6705C" cornerRadius="2" />
	<Circle x="96" y="96" r="9" fillColor="#D9D9D9" />
	<Circle x="96" y="96" r="4" fillColor="#1A1D1F" />

</Icon>