<?xml version="1.0" encoding="utf-8"?>
<Icon version="2" width="192" height="192" screenWidth="1080" resDensity="480" scaleByDensity="false" useVariableUpdater="DateTime.Minute" type="awesome">

	<ExternalCommands>
		<Trigger action="init,resume">
			<BinderCommand name="WeatherProvider" command="refresh" />
			<AnimationCommand target="framerateAni" command="play" />
		</Trigger>
	</ExternalCommands>
	<VariableBinders>
		<ContentProviderBinder name="WeatherProvider" uri="content://weather/weatherData/1" countName="hasWeather">
			<Variable name="weather_tempStr" type="string" column="temperature" />
			<Variable name="weather_tempNum" type="int" column="temperature" />
			<Variable name="weather_id" type="int" column="weather_type" />
			<Trigger>
				<VariableCommand name="weatherID" expression="ifelse(
					#weather_id {= 3,#weather_id,
					#weather_id == 7,7,
					#weather_id == 12,12,
					#weather_id == 22,22,
					#weather_id == 24,24,
					#weather_id }= 4 ** #weather_id {= 11,4,
					#weather_id }= 13 ** #weather_id {= 17,13,
					#weather_id }= 18 ** #weather_id {= 23,18,1)" type="number" />
			</Trigger>
		</ContentProviderBinder>
	</VariableBinders>

	<FramerateController name="framerateAni" initPause="true" loop="false">
		<ControlPoint frameRate="10" time="0" />
		<ControlPoint frameRate="10" time="100" />
		<ControlPoint frameRate="0" time="200" />
	</FramerateController>

	<!-- <Rectangle x="0" y="0" w="192" h="192" cornerRadius="52">
		<FillShaders>
			<LinearGradient x="0" y="0" x1="0" y1="192" tile="clamp">
				<GradientStop color="#3A8AFD" position="0" />
				<GradientStop color="#3FB5F8" position="1" />
			</LinearGradient>
		</FillShaders>
	</Rectangle> -->
	<Image x="0" y="0" w="192" h="192" src="iconBg.png" />
	<Image x="0" y="0" w="192" h="192" src="wImg.png" srcid="#weatherID" />

</Icon>