<?xml version="1.0" encoding="utf-8"?>
<Icon version="2" width="192" height="192" screenWidth="1080" resDensity="480" extraResources="sw1440:den560:1" scaleByDensity="false" useVariableUpdater="DateTime.Day" type="awesome">

	<VariableBinders>
		<Trigger action="init,resume">
			<AnimationCommand target="framerateAni" command="play" />
		</Trigger>
	</VariableBinders>

	<VariableBinders>
		<!-- 手动调整时间时 -->
		<BroadcastBinder action="android.intent.action.TIME_SET">
			<AnimationCommand target="framerateAni" command="play" />
		</BroadcastBinder>
		<!-- 日期有变化时 -->
		<BroadcastBinder action="android.intent.action.DATE_CHANGED">
			<AnimationCommand target="framerateAni" command="play" />
		</BroadcastBinder>
		<!-- 语言有变化时 -->
		<BroadcastBinder action="android.intent.action.LOCALE_CHANGED">
			<AnimationCommand target="framerateAni" command="play" />
		</BroadcastBinder>
	</VariableBinders>

	<FramerateController name="framerateAni" initPause="true" loop="false">
		<ControlPoint frameRate="10" time="0" />
		<ControlPoint frameRate="10" time="50" />
		<ControlPoint frameRate="0" time="60" />
	</FramerateController>

	<!-- <Rectangle x="0" y="0" w="192" h="192" cornerRadius="52">
		<FillShaders>
			<LinearGradient x="0" y="0" x1="0" y1="192" tile="clamp">
				<GradientStop color="#ffffff" position="0" />
				<GradientStop color="#F4F5F7" position="1" />
			</LinearGradient>
		</FillShaders>
	</Rectangle> -->
	<Image x="0" y="0" w="192" h="192" src="iconBg.png" />
	<Group x="28" y="20" w="136" h="48">
		<Rectangle x="0" y="0" w="136" h="48" cornerRadius="24">
			<FillShaders>
				<LinearGradient x="0" y="0" x1="0" y1="48" tile="clamp">
					<GradientStop color="#FF6F50" position="0" />
					<GradientStop color="#FA3729" position="1" />
				</LinearGradient>
			</FillShaders>
		</Rectangle>
		<DateTime x="136/2" y="24" align="center" alignV="center" color="#ffffff" size="30" formatExp="'EE'" fontFamily="mipro-bold" />
	</Group>
	<DateTime x="96" y="118" align="center" alignV="center" color="#353C40" size="96" formatExp="'dd'" fontFamily="mitype-bold" />
	<!-- <ImageChars x="96" y="120" align="center" alignV="center" src="num.png" string="formatDate('dd',#time_sys)" /> -->

</Icon>