<?xml version="1.0" encoding="utf-8"?>
<Config>


<Group text="①Configurações da tela de bloqueio">
</Group>	
	
	
	<Group text="Personalizar papel de parede">
	 <CheckBox text="Troca de papel de parede personalizado" summary="Você pode escolher um papel de parede personalizado depois de ligá-lo"  id="bzdiy"  default="0"/>
	 <ImagePicker text="Personalize o papel de parede da tela de bloqueio" summary="Clique para selecionar a imagem interna do telefone para exibir na tela de bloqueio" id="img1"/>
   </Group>
	
	
	 <Group text="Imagem de profundidade de campo" summary="Corte a imagem no tamanho e posição apropriados para garantir o efeito de exibição. Se a imagem for muito grande, reduza-a para o tamanho da tela primeiro, caso contrário, ela pode não ser exibida corretamente ou desperdiçar memória.">
	 	       <CheckBox text="Troca de papel de parede de profundidade de campo" summary="Você pode escolher um papel de parede personalizado depois de ligá-lo"  id="jsbzdiy"  default="0"/>
               <ImagePicker text="Papel de parede de profundidade de campo" summary="Localizado acima do tempo e dos widgets, o formato da imagem é png" id="jsbz"/>
			           <NumberChoice text="Localização do papel de parede de profundidade de campo"  summary="" id="jsbzwz">
            <!-- 数字选择项目 value数值 text界面显示文字 -->
            <Item value="0" text="Acima das horas e minutos"/>
            <Item value="1" text="Acima do relógio"/>
			<Item value="2" text="Acima do minuto"/>
                      </NumberChoice>
     </Group>

	<Group text="Papel de parede escuro da tela de bloqueio">
	<CheckBox text="Interruptor de escurecimento de papel de parede" summary="Padrão desligado"  id="bzta_kg"  default="0"/> 
    <NumberInput text="Nível de escurecimento do papel de parede"  summary="O intervalo de valores é de 0 a 255"   id="bzta_cd"   default="50"/>
    </Group>


   <Group text="Configuração de tempo de bloqueio de tela">
        <!-- 数字选择 -->
        <NumberInput text="Transparência do relógio da tela de bloqueio"  summary="O intervalo é de 0 a 255, quanto menor o valor, mais transparente ele é"     id="tmd_hh"   default="255" />
		<NumberInput text="Tela de bloqueio de transparência de minutos"  summary="O intervalo é de 0 a 255, quanto menor o valor, mais transparente ele é"     id="tmd_mm"   default="255" />
		
		<StringInput text="COR DA HORA" summary="PADRÃO white：#FFFFFFFF（black：#000000）" id="CR" default="#FFFFFFFF" />
        <StringInput text="COR DO MINUTO" summary="PADRÃO white：#B3FFFFFF（black：#000000）" id="CM" default="#B3FFFFFF" />
        <StringInput text="COR DA DATA" summary="PADRÃO white：#FFFFFFFF（black：#000000）" id="CDD" default="#FFFFFFFF" />
    	<StringInput text="COR DO ICONES" summary="PADRÃO white：#FFFFFFFF（black：#000000）" id="CDI" default="#FFFFFFFF" />
	<StringInput text="COR EQUALIZADOR MÚSICA" summary="PADRÃO white：#FFFFFFFF（black：#000000）" id="CDM" default="#FFFFFFFF" />
    </Group>

	<Group text="Selecione o texto no canto superior esquerdo da tela de bloqueio">
	     <CheckBox     text="Botão de cópia no canto superior esquerdo" summary="Após abrir, selecione o texto correspondente abaixo" id="zsjwa_kg"  default="0"/> 
	     <StringInput  text="Tela de bloqueio canto superior esquerdo cópia" summary="Conteúdo de texto personalizado" id="zsjwazdy"  default="Paz | Alegria"/>
		  <StringInput  text="Tamanho da fonte do texto do canto superior esquerdo da tela de bloqueio" summary="Padrão 38" id="ztdx"  default="38"/>
		 <NumberInput text="Mova o texto no canto superior esquerdo para cima e para baixo"         summary="Números positivos descem, números negativos sobem"              id="zsjway"       default="0" />	
		 <NumberInput text="Mova o texto no canto superior esquerdo para a esquerda e para a direita"         summary="Números positivos deslocam-se para a direita, números negativos deslocam-se para a esquerda"              id="zsjwax"       default="0" />	
	 </Group>
	 
	 
	<Group text="Porta de carregamento da tela de bloqueio inteligente">
	    <CheckBox    text="Interruptor de porta inteligente de carregamento"       summary="Padrão desligado"  id="ldcdh"  default="0"/> 
	    <NumberInput text="Carregamento inteligente X coordenada"        summary="Números positivos movem-se para a direita, números negativos movem-se para a esquerda"     id="coordinate_x"   default="0" />	
		<NumberInput text="Coordenada Y de carregamento inteligente"        summary="Números positivos descem, números negativos sobem"     id="coordinate_y"   default="0" />	
		<NumberInput text="Raio de carregamento inteligente"         summary="Números positivos aumentam, números negativos diminuem"              id="radius_r"       default="0" />	
	 </Group>

	 <Group text="Configurações para a pequena barra branca no canto superior direito e inferior da tela de bloqueio">
		 <CheckBox text="Pequeno interruptor horizontal no canto superior direito" summary="Habilitado por padrão, clique na pequena barra horizontal para alternar as cores"  id="ysj_xbt"  default="1"/> 
         <NumberInput text="Posição da pequena barra horizontal no canto superior direito"         summary="Números positivos descem, números negativos sobem"     id="ysjxht_y"       default="0" />			 
	     <CheckBox  text="Interruptor de barra branca inferior" summary="Após fechar, o pequeno ícone de barra branca na parte inferior não será exibido. Clique duas vezes aqui para limpar todas as mensagens de notificação." id="db_xbt"  default="1"/>
	 </Group>



	<Group text="Configurações avançadas de transparência de fundo de material">
    <NumberInput text="Transparência de fundo de material avançado"  summary="padrão50"   id="gjczbj"   default="50"/>
    </Group>






	 <Group text="②Configuração de tela negativa">
    </Group>
	     <Group text="Configuração de máscara de tela negativa">
	             <NumberInput text="Negativo uma tela de papel de parede máscara transparência"  summary="O padrão é 50"     id="fypzztmd"  default="50" />
	     </Group>
		 <Group text="Configurações de movimento de tela negativa">
        <!-- 数字选择 -->
        <NumberInput text="Valor calórico alvo"  summary="O valor padrão é 500 kcal"     id="MiSteps_energy_goal"  default="500" />
		<NumberInput text="Distância do movimento do alvo"  summary="O padrão é 5 km"     id="MiSteps_distance_goal"  default="5" />
    </Group>
	
	<Group text="Configuração de fluxo de dados de tela única negativa">
       <NumberChoice text="seleção de cartão SIM"  summary="O cartão de exibição padrão é o de dados, você precisa selecionar manualmente o cartão SIM que deseja exibir" id="sim">
            <!-- 数字选择项目 value数值 text界面显示文字 -->
            <Item value="0" text="Cartão 1"/>
            <Item value="1" text="Cartão II"/>
			<Item value="2" text="Sem cartão"/>
        </NumberChoice>
		<NumberChoice text="Seleção do operador"  summary="China Telecom é exibido por padrão. Você precisa selecionar manualmente a operadora que deseja exibir." id="yunyingshang">
            <!-- 数字选择项目 value数值 text界面显示文字 -->
            <Item value="0" text="China Telecom"/>
            <Item value="1" text="China Móvel"/>
			<Item value="2" text="China Unicom"/>
			<Item value="3" text="Rádio e Televisão da China"/>
			<Item value="4" text="Nenhum operador selecionado"/>
        </NumberChoice>		
    </Group>
			
	


	
	
<Group text="③Configurações do relógio da área de trabalho">	
</Group>	


<Group text="3.0  《Este tópico - vazio》Configurações do relógio da área de trabalho">	
</Group>
<Group text="3.0.1 Configurações do relógio da área de trabalho 4x2">
         <CheckBox text="Interruptor de desfoque gaussiano de fundo do relógio"  summary="Após abrir, selecione a imagem abaixo" id="clock_time_diy_bg_kg"  default="0"/>	
	     <ImagePicker text="Fundo do relógio Desfoque gaussiano" summary="Para o fundo do relógio do widget da área de trabalho 4x2, primeiro faça uma captura de tela do papel de parede na área de fundo do relógio da área de trabalho e, em seguida, clique na imagem da qual você acabou de tirar a captura de tela."  id="clock_time_diy_bg"/>
		 <CheckBox text="Fundo musical comutador de desfoque gaussiano"  summary="Após abrir, selecione a imagem abaixo" id="clock_music_diy_bg_kg"  default="0"/>	
		  <ImagePicker text="Fundo musical Desfoque gaussiano" summary="Para o fundo do relógio do widget da área de trabalho 4x2, primeiro faça uma captura de tela do papel de parede na área de fundo do relógio da área de trabalho e, em seguida, clique na imagem da qual você acabou de tirar a captura de tela."  id="clock_music_diy_bg"/>
		  <NumberInput text="Ajuste de transparência de fundo de tempo"     summary="Ajuste de transparência de fundo de relógio e música, padrão 255"  id="clock_bg_alpha"  default="255"/>
         <CheckBox text="Nome do widget oculto"  summary="Nome do widget de exibição padrão"  id="clock_name"   default="0"/>	
    </Group>
	<Group text="3.2.2 Configurações do relógio de mesa 4x3">
         <CheckBox text="Nome do widget oculto"  summary="Nome do widget de exibição padrão"  id="clock_name1"   default="0"/>
    </Group>

<Group text="3.1 Configurações do relógio da área de trabalho para Crazy Ice">	
</Group>
<Group text="3.1.1 Configurações do relógio de mesa 4x2">
	     <ImagePicker text="Fundo do relógio Desfoque gaussiano" summary="Área de trabalho correspondente4x2Fundo do relógio do widget, selecione na interface de configurações do widget“Configurações personalizadas de plano de fundo e tela de bloqueio”；Primeiro, faça uma captura de tela da área de fundo do relógio da área de trabalho，Clique para selecionar a foto que você acabou de tirar"  id="clock_bg"/>
         <CheckBox text="Interruptor adaptável de layout" summary="Após ligá-lo, a altura do relógio se adaptará ao layout do ícone da área de trabalho (indica apenas os layouts 4x6 e 4x7 dos ícones). Após ligá-lo, as configurações abaixo serão inválidas e não poderão ser alteradas pelo painel de configurações do relógio da área de trabalho." id="bjsy"  default="0"/>	
		 <NumberChoice text="Layout da área de trabalho" summary="Adaptação padrão do relógio4*6e4*7Dois layouts，Se você precisar personalizar o layout, desative o interruptor adaptável de layout acima. Após configurá-lo pela tela de bloqueio, você não poderá alterá-lo pela interface de configuração do relógio da área de trabalho." id="buju_c">
         <!-- 数字选择项目 value数值 text界面显示文字 -->
              <Item value="0" text="Painel de configuração do relógio de mesa com configurações separadas"/>
		      <Item value="1" text="Layout de ícone 4x7"/>
              <Item value="2" text="Layout de ícone 4x6"/>
	     </NumberChoice>
		 <NumberInput text="Ajuste de movimento vertical do estilo de tempo 3 (fonte do sistema)"     summary="Diferentes fontes são exibidas em diferentes posições. Se ocorrer anormalidade na exibição, ajuste este item. Números positivos movem-se para baixo, números negativos movem-se para cima. O valor não deve ser muito grande." id="time3Y" default="0"/>
		 <NumberInput text="Ajuste do tamanho da fonte do estilo de tempo 3 (fonte do sistema)"     summary="Fontes diferentes têm tamanhos de exibição diferentes. Se ocorrerem anormalidades na exibição, ajuste esta opção para aumentar o tamanho dos números positivos e reduzir o tamanho dos números negativos. O valor não deve ser muito grande." id="time3S" default="0"/>		 
	     <NumberInput text="Personalize suas metas de calorias" summary="Corresponde ao anel de progresso de calorias na parte inferior do relógio da área de trabalho" id="kaluli" default="500"/>
    </Group>	
	
	
	<Group text="3.1.2 Configurações do relógio de mesa 4x3">
		  <!-- 开关（summary：设置项详细说明；id：设置项对应的变量名称；default：缺省值） -->
		   <ImagePicker text="Imagem de desfoque gaussiano de fundo de relógio" summary="Área de trabalho correspondente4x3Widgets·Relógio·Modo，Selecione na interface de configurações do widget“Configurações personalizadas de plano de fundo e tela de bloqueio”；Primeiro, faça uma captura de tela da área de fundo do relógio da área de trabalho，Clique para selecionar a imagem que você acabou de capturar"  id="time_bg"/>
		   <ImagePicker text="Aplicar desfoque gaussiano de fundo à imagem" summary="Widget de desktop 4x3 correspondente·aplicativo·modelo，Selecione na interface de configurações do widget“Plano de fundo personalizado·Configurações da tela de bloqueio”；Primeiro, faça uma captura de tela da área de fundo do relógio da área de trabalho，Clique para selecionar a foto que você acabou de tirar"  id="app_bg"/>
	       <CheckBox text="Interruptor adaptável de layout" summary="Após ligá-lo, a altura do relógio se adaptará ao layout do ícone da área de trabalho (indica apenas os layouts de ícones 4x6 e 4x7). Após ligá-lo, as configurações abaixo serão inválidas e não poderão ser alteradas por meio da interface de configuração do relógio 4x3 da área de trabalho"  id="buju4x3"  default="0"/>
		  <NumberChoice text="Layout personalizado da área de trabalho" summary="O relógio é configurado automaticamente em layouts 4x6 e 4x7 por padrão，Para personalizar o layout，Por favor, desligue o interruptor adaptável do layout acima，Após a configuração através da tela de bloqueio，Não é possível alterar por meio da interface de configurações do relógio da área de trabalho" id="buju43_c">
          <!-- 数字选择项目 value数值 text界面显示文字 -->
            <Item value="0" text="Painel de configuração do relógio de mesa com configurações separadas"/>
			<Item value="1" text="Layout de ícone 4x6"/>
            <Item value="2" text="Layout de ícone 4x7"/>
	      </NumberChoice>
		  <NumberInput text="Os componentes de tempo do desktop 4*3 se movem para cima e para baixo" summary="Números negativos se movem para cima, números positivos se movem para baixo e valores muito grandes não serão exibidos completamente." id="diy_ydy" default="0"/>
		  <StringInput text="Componente de tempo de desktop 4*3, layout de 4*6, cópia da linha inferior" summary="Limpe o texto para exibir texto aleatório" id="wenandiy" default="Acredite sempre que coisas boas estão prestes a acontecer!"/>		 	 
    </Group>

	
<Group text="3.1.3 Modo de aplicativo de relógio de mesa 4x3, seleção de aplicativo, após selecionar, bloqueie novamente a tela para entrar em vigor">
	        <!-- 文字输入 -->	 
		   <AppPicker text="APP1" summary="O padrão é Honor of Kings, clique para alterar o aplicativo"  id="app1"/>
		   <AppPicker text="APP2" summary="O padrão é Huya Live, clique para alterar o aplicativo"  id="app2"/>
		   <AppPicker text="APP3" summary="O padrão é TikTok, clique para alterar o aplicativo"  id="app3"/>
		   <AppPicker text="APP4" summary="O padrão é Xiaohongshu, clique para alterar o aplicativo"  id="app4"/>
		   <AppPicker text="APP5" summary="O padrão é Alipay, clique em Alterar aplicativo"  id="app5"/>
		   <AppPicker text="APP6" summary="O padrão é Tencent Video, clique para alterar o aplicativo"  id="app6"/>
		   <AppPicker text="APP7" summary="O padrão é Youku, clique para alterar o aplicativo"  id="app7"/>
		   <AppPicker text="APP8" summary="O padrão é NetEase Cloud, clique em Alterar aplicativo"  id="app8"/>
		   <AppPicker text="APP9" summary="O padrão é visualizar mais, clique para alterar o aplicativo"  id="app9"/>
		   <AppPicker text="APP10" summary="O padrão é Notas, clique para alterar o aplicativo"  id="app10"/>
		   <AppPicker text="APP11" summary="O padrão é calculadora, clique para alterar o aplicativo"  id="app11"/>
		   <AppPicker text="APP12" summary="O padrão é Xianyu. Clique para alterar o aplicativo."  id="app12"/>
		   <AppPicker text="APP13" summary="O padrão é Taobao, clique para alterar o aplicativo"  id="app13"/>
		   <AppPicker text="APP14" summary="O padrão é JD.com, clique para alterar o aplicativo"  id="app14"/>
		   <AppPicker text="APP15" summary="O padrão é a App Store, clique em Alterar aplicativo"  id="app15"/>
		   <AppPicker text="APP16" summary="O padrão é Alibaba Cloud Disk, clique em Alterar aplicativo"  id="app16"/>
		   <AppPicker text="APP17" summary="O padrão é Baidu Netdisk, clique para alterar o aplicativo"  id="app17"/>
		   <AppPicker text="APP18" summary="O padrão é Amap, clique para alterar o aplicativo"  id="app18"/>
		   <AppPicker text="APP19" summary="O padrão é Assistente de Medicamentos, clique para alterar o aplicativo"  id="app19"/>
		   <AppPicker text="APP20" summary="O padrão é Dingxiangyuan, clique para alterar o aplicativo"    id="app20"/>
  
    </Group>


<Group text="3.2   《Branco Simples》Configurações do relógio da área de trabalho">	
</Group>	
   <Group text="3.2.1 Configurações do relógio de mesa 4x2">  
   		 <NumberInput text="Movimento vertical do painel de tempo"     summary="Números positivos descem, números negativos sobem" id="move_y" default="0"/>
  
        <CheckBox     text="Troca de plano de fundo personalizado"  summary="Após ligar o interruptor, selecione a imagem，Bloquear tela uma vez"   id="clock_diy_bg"  default="0"/> 
		<ImagePicker  text="Plano de fundo personalizado"      summary="Primeiro, faça uma captura de tela da área de trabalho onde o widget do relógio está localizado, depois selecione a captura de tela salva e bloqueie a tela novamente"   id="clock_bg"/>
		<NumberInput  text="Transparência de fundo de tempo"       summary="Opaco padrão, intervalo 0-255" id="timebg_alpha" default="50"/>
		<StringInput  text="Cor do painel de fundo de tempo"    summary="Branco padrão, valor branco#ffffff，Valor Negro#000000" id="clock_bg_color"  default="#ffffff"/>
		
	    <NumberChoice text="Cor do texto do corpo do relógio" summary="Padrão para papel de parede da área de trabalho" id="fontcolor">
         <!-- 数字选择项目 value数值 text界面显示文字 -->
              <Item value="0" text="Adaptar papel de parede da área de trabalho"/>
		      <Item value="1" text="Branco"/>
              <Item value="2" text="preto"/>
			  <Item value="3" text="Cores personalizadas"/>
	     </NumberChoice>
		 <StringInput  text="Personalize a cor do texto do corpo do relógio" summary="Primeiro, altere a cor do texto do corpo do relógio para o quarto item 'Cor personalizada', valor branco#ffffff，Valor Negro#000000" id="fontcolordiy"  default="#009944"/>
		 
		 <CheckBox     text="Ocultar nome do widget de tempo"  summary="Modo de desktop sem texto"   id="shijianwenzi"  default="0"/> 
		 
		
		<NumberInput text="Coordenada Y do widget"     summary="Números positivos descem, números negativos sobem" id="clock_y" default="20"/>
		<NumberInput text="Largura do widget"     summary="Números positivos descem, números negativos sobem" id="clock_w" default="1040"/> 
		<NumberInput text="Altura do widget"     summary="Números positivos descem, números negativos sobem" id="clock_h" default="500"/> 
		 
    </Group>

   <Group text="3.2.2 Configurações do relógio de mesa 4x3">
		<CheckBox     text="Ocultar calendário lunar"  summary="Ativado por padrão" id="nonglikg1"  default="0"/> -->   
	    <NumberChoice text="Cor do texto do corpo do relógio" summary="Padrão para papel de parede da área de trabalho" id="fontcolor1">
         <!-- 数字选择项目 value数值 text界面显示文字 -->
              <Item value="0" text="Adaptar papel de parede da área de trabalho"/>
		      <Item value="1" text="Branco"/>
              <Item value="2" text="preto"/>
			  <Item value="3" text="Cores personalizadas"/>
	     </NumberChoice>
		 <StringInput text="Personalize a cor do texto do relógio" summary="Primeiro, altere a cor do texto do corpo do relógio para o quarto item 'Cor personalizada', valor branco#ffffff，Valor Negro#000000" id="fontcolordiy1"  default="#009944"/>	
		 <NumberInput text="Movimento vertical do painel de tempo"     summary="Números positivos descem, números negativos sobem" id="move_y1" default="0"/>
		 <NumberInput text="Movimento horizontal do painel de tempo"     summary="Números positivos deslocam-se para a direita, números negativos deslocam-se para a esquerda" id="move_x1" default="0"/>
		 <CheckBox    text="Nome do widget de tempo oculto"  summary="Ativado por padrão" id="shijianwenzi1"  default="0"/> 		
    </Group>	
		 







<Group text="④Configurações de papel de parede da área de trabalho e barra de encaixe">	
</Group>

<Group text="4,1  《Louco no Gelo》Configurações de papel de parede da área de trabalho e barra de encaixe">	
</Group>
	<Group text="Perceber：Limitado ao uso do papel de parede padrão do tema，As seguintes configurações são inválidas após alterar o papel de parede da área de trabalho">
        <!-- <NumberChoice text="选择桌面动态壁纸" summary="内置3种动态桌面壁纸" id="wallpaper_style"> -->
         <!-- <Item value="0" text="默认主题壁纸"/> -->
	     <!-- <Item value="1" text="动态小米壁纸"/> -->
         <!-- <Item value="2" text="动态魅族壁纸"/> -->
	    <!-- </NumberChoice>	 -->
		 <!-- <ImagePicker text="自定义桌面壁纸" summary="选择图片应用壁纸可保留dock栏"  id="miwallpaper_bg"/> -->
	     <CheckBox    text="Ocultar o dock da área de trabalho"  summary="Exibir o dock da área de trabalho por padrão" id="Dock"  default="0"/>
	     <NumberInput text="Aumentar a largura do dock" summary="A largura padrão da barra de encaixe é 1020. Preencha um número para aumentar a largura." id="wd" default="0"/>
	     <NumberInput text="Aumentar a altura da doca" summary="A barra de encaixe tem uma altura padrão. Preencha um número para aumentar a altura." id="gd" default="0"/>
	     <NumberInput text="Mova o dock para cima e para baixo" summary="Os números positivos movem-se para baixo, os números negativos movem-se para cima e o número preenchido é a distância em movimento" id="gdy" default="-47"/>
		 	    <!--文字内容-->
	<StringInput text="Personalize o conteúdo do papel de parede"  summary="Digite o texto que deseja definir como papel de parede, com no máximo 20 caracteres"  id="wenzibizi"  default="Feliz Ano da Cobra todos os dias"/>
	</Group>
	
	
	
	
		<Group text="Autor do tema" >
		<StringInput text="Autor do tema：Dwplay77 🇧🇷"  summary=""  id="nzjsbz"  default=""/>
	    </Group>

	
	
</Config>